{"success":true,"payload":{"sepalWidth":{"avg":3.428000000000001,"min":2.3,"max":4.4},"sepalLength":{"avg":5.005999999999999,"min":4.3,"max":5.8},"petalWidth":{"avg":0.2459999999999999,"min":0.1,"max":0.6},"petalLength":{"avg":1.4620000000000002,"min":1,"max":1.9}}}